ANO,UF,Codmun6,Codmun7,Município,ESPVIDA,FECTOT,MORT1,MORT5,RAZDEP,SOBRE40,SOBRE60,T_ENV,E_ANOSESTUDO,T_ANALF11A14,T_ANALF15A17,T_ANALF15M,T_ANALF18A24,T_ANALF18M,T_ANALF25A29,T_ANALF25M,T_ATRASO_0_BASICO,T_ATRASO_0_FUND,T_ATRASO_0_MED,T_ATRASO_1_BASICO,T_ATRASO_1_FUND,T_ATRASO_1_MED,T_ATRASO_2_BASICO,T_ATRASO_2_FUND,T_ATRASO_2_MED,T_FBBAS,T_FBFUND,T_FBMED,T_FBPRE,T_FBSUPER,T_FLBAS,T_FLFUND,T_FLMED,T_FLPRE,T_FLSUPER,T_FREQ0A3,T_FREQ11A14,T_FREQ15A17,T_FREQ18A24,T_FREQ25A29,T_FREQ4A5,T_FREQ4A6,T_FREQ5A6,T_FREQ6,T_FREQ6A14,T_FREQ6A17,T_FREQFUND1517,T_FREQFUND1824,T_FREQFUND45,T_FREQMED1824,T_FREQMED614,T_FREQSUPER1517,T_FUND11A13,T_FUND12A14,T_FUND15A17,T_FUND16A18,T_FUND18A24,T_FUND18M,T_FUND25M,T_MED18A20,T_MED18A24,T_MED18M,T_MED19A21,T_MED25M,T_SUPER25M,CORTE1,CORTE2,CORTE3,CORTE4,CORTE9,GINI,PIND,PINDCRI,PMPOB,PMPOBCRI,PPOB,PPOBCRI,PREN10RICOS,PREN20,PREN20RICOS,PREN40,PREN60,PREN80,PRENTRAB,R1040,R2040,RDPC,RDPC1,RDPC10,RDPC2,RDPC3,RDPC4,RDPC5,RDPCT,RIND,RMPOB,RPOB,THEIL,CPR,EMP,P_AGRO,P_COM,P_CONSTR,P_EXTR,P_FORMAL,P_FUND,P_MED,P_SERV,P_SIUP,P_SUPER,P_TRANSF,REN0,REN1,REN2,REN3,REN5,RENOCUP,T_ATIV,T_ATIV1014,T_ATIV1517,T_ATIV1824,T_ATIV18M,T_ATIV2529,T_DES,T_DES1014,T_DES1517,T_DES1824,T_DES18M,T_DES2529,THEILtrab,TRABCC,TRABPUB,TRABSC,T_AGUA,T_BANAGUA,T_DENS,T_LIXO,T_LUZ,AGUA_ESGOTO,PAREDE,T_CRIFUNDIN_TODOS,T_FORA4A5,T_FORA6A14,T_FUNDIN_TODOS,T_FUNDIN_TODOS_MMEIO,T_FUNDIN18MINF,T_M10A14CF,T_M15A17CF,T_MULCHEFEFIF014,T_NESTUDA_NTRAB_MMEIO,T_OCUPDESLOC_1,T_RMAXIDOSO,T_SLUZ,HOMEM0A4,HOMEM10A14,HOMEM15A19,HOMEM20A24,HOMEM25A29,HOMEM30A34,HOMEM35A39,HOMEM40A44,HOMEM45A49,HOMEM50A54,HOMEM55A59,HOMEM5A9,HOMEM60A64,HOMEM65A69,HOMEM70A74,HOMEM75A79,HOMEMTOT,HOMENS80,MULH0A4,MULH10A14,MULH15A19,MULH20A24,MULH25A29,MULH30A34,MULH35A39,MULH40A44,MULH45A49,MULH50A54,MULH55A59,MULH5A9,MULH60A64,MULH65A69,MULH70A74,MULH75A79,MULHER80,MULHERTOT,PEA,PEA1014,PEA1517,PEA18M,peso1,PESO1114,PESO1113,PESO1214,peso13,PESO15,peso1517,PESO1524,PESO1618,PESO18,Peso1820,PESO1824,Peso1921,PESO25,peso4,peso5,peso6,PESO610,Peso617,PESO65,PESOM1014,PESOM1517,PESOM15M,PESOM25M,pesoRUR,pesotot,pesourb,PIA,PIA1014,PIA1517,PIA18M,POP,POPT,I_ESCOLARIDADE,I_FREQ_PROP,IDHM,IDHM_E,IDHM_L,IDHM_R
1991,11,110001,1100015,ALTA FLORESTA D'OESTE,62.01,4.08,45.58,58.05,73.5,83.81,66.87,1.82,6.68,9.74,8.35,23.55,10.82,25.71,15.59,31.39,30.32,33.34,53.26,24.96,27.33,16.63,44.72,39.33,30.11,62.66,76.98,10.28,8.69,0.28,57.69,65.24,3.6,8.69,0.28,,66.19,31.22,8.93,6.1,,,17.29,25.0,65.42,58.08,26.48,4.16,,2.01,0.0,0.0,17.32,22.77,5.84,7.09,12.74,11.65,11.21,3.21,4.31,4.74,3.91,4.91,0.65,39.18,70.52,117.53,235.05,352.58,0.63,39.21,47.11,65.55,71.89,83.15,87.03,52.46,2.26,66.65,7.56,16.9,33.35,96.53,27.75,17.63,198.46,22.46,1041.07,52.57,92.69,163.18,661.37,203.52,36.83,61.89,88.9,0.73,,,,,,,,,,,,,,,,,,,,,,,,,,,,,,,,,,,,21.92,18.47,52.8,6.82,36.8,7.45,,,,34.58,37.1,33.34,,0.0,14.41,6.14,,,1.57,63.2,1684,1584,1413,1212,1109,923,711,521,464,395,327,1580,232,132,54,38,12401,25,1634,1479,1414,1089,980,766,578,440,364,288,219,1587,132,75,47,33,25,11146,,,,,700,2387,1816,1771,1986,14000,1742,5128,1709,12258,1571,3386,1467,8872,633,604,634,3238,7367,428,1479,730,6447,3944,14167,23546,9379,,,,,23417,22835,0.117,0.109,0.329,0.112,0.617,0.516
1991,11,110002,1100023,ARIQUEMES,66.02,3.72,32.39,41.41,69.97,88.08,74.23,1.82,7.86,9.35,7.64,17.18,8.0,18.37,10.55,22.32,37.37,40.76,45.41,25.11,26.42,44.13,37.52,32.82,10.45,69.79,82.18,25.02,17.94,2.09,62.78,69.19,11.63,17.94,0.71,,73.34,41.92,13.56,4.15,,,28.59,37.29,70.03,63.94,26.95,6.13,,4.61,0.28,0.38,32.53,41.93,13.67,17.45,22.3,19.98,19.08,4.67,6.3,10.17,5.73,11.67,3.13,72.08,133.98,214.9,419.96,656.26,0.57,18.9,25.47,41.3,52.24,65.78,74.41,44.91,2.62,61.27,9.12,19.77,38.73,94.73,19.69,13.43,319.47,41.9,1434.68,103.82,170.1,302.89,978.66,325.53,40.2,74.85,116.7,0.59,,,,,,,,,,,,,,,,,,,,,,,,,,,,,,,,,,,,53.3,48.5,54.1,78.3,73.28,2.55,,,,29.97,33.27,24.75,,1.03,13.25,13.86,,,1.66,26.72,3964,3627,3134,2947,2823,2289,1862,1393,1070,836,672,3802,473,321,150,77,29495,59,3819,3480,3184,3003,2610,2039,1654,1189,857,624,468,3661,303,202,121,61,47,27318,,,,,1614,5636,4279,4131,4624,34461,3811,12268,3818,30650,3699,8458,3663,22193,1546,1535,1449,7399,16845,1035,3480,1726,16358,10171,11529,56812,45283,,,,,56061,55018,0.2,0.199,0.432,0.199,0.684,0.593
1991,11,110003,1100031,CABIXI,63.16,3.89,41.52,52.94,77.23,85.09,69.0,2.59,7.43,9.62,6.19,24.57,10.06,27.1,17.42,32.93,30.16,34.61,38.77,22.85,26.43,22.93,46.99,38.96,38.3,70.05,87.14,7.71,0.0,0.64,64.99,70.97,2.62,0.0,0.64,,71.35,45.55,12.32,0.62,,,15.84,19.01,71.11,65.61,40.08,7.25,,2.08,0.14,0.0,20.71,28.25,3.73,6.4,16.3,11.09,9.36,2.03,6.69,5.18,7.35,4.68,0.2,0.0,31.34,65.81,155.13,268.63,0.7,60.76,67.41,77.38,82.74,88.55,91.22,54.86,0.0,71.45,2.57,10.6,28.55,95.84,85.42,55.63,116.38,0.0,638.43,14.95,46.71,104.49,415.76,151.31,21.11,37.97,54.91,0.72,,,,,,,,,,,,,,,,,,,,,,,,,,,,,,,,,,,,11.82,10.67,50.69,50.92,25.04,0.63,,,,28.89,40.48,37.75,,0.0,9.66,3.58,,,2.35,74.96,517,506,477,376,343,272,236,180,169,132,107,574,77,59,37,15,4092,15,516,477,393,317,277,271,194,142,141,91,85,556,51,39,21,5,8,3584,,,,,202,759,581,567,602,4530,549,1563,548,3981,492,1014,427,2967,229,214,224,1140,2448,199,477,255,2035,1325,5760,7676,1916,,,,,7601,5846,0.111,0.106,0.309,0.108,0.636,0.43
1991,11,110004,1100049,CACOAL,65.03,3.81,35.37,45.19,71.11,87.08,72.44,2.47,8.34,6.32,6.7,21.41,9.22,23.29,14.32,28.5,38.33,43.08,57.92,22.61,25.1,29.66,39.06,31.82,12.42,71.98,87.32,20.55,9.37,2.99,64.36,70.89,8.35,9.37,0.72,,71.44,45.4,16.15,3.24,,,19.15,28.95,71.24,65.3,33.97,8.28,,4.76,0.05,0.0,32.15,39.27,10.97,11.38,21.78,17.63,16.07,5.5,7.51,8.83,7.23,9.33,2.0,56.41,107.45,172.37,340.82,587.63,0.66,24.76,30.94,50.5,58.07,73.35,78.96,55.78,1.74,69.56,6.86,15.47,30.44,93.72,32.52,20.27,320.24,27.89,1786.26,81.98,137.89,239.64,1113.78,332.94,34.42,69.01,105.9,0.79,,,,,,,,,,,,,,,,,,,,,,,,,,,,,,,,,,,,52.77,42.81,47.87,65.59,57.34,1.19,,,,28.76,36.59,29.96,,0.52,5.94,10.66,,,2.77,42.66,4759,4402,3831,3538,3249,2811,2130,1686,1213,999,800,4678,637,423,297,141,35693,99,4528,4407,3982,3649,3121,2613,1951,1443,1089,828,659,4482,520,354,179,133,94,34032,,,,,1874,6916,5331,5133,5555,42469,4822,15000,4618,37647,4452,10178,4411,27469,1858,1850,1829,9203,20941,1720,4407,2430,20615,12984,27036,69725,42689,,,,,69173,66534,0.176,0.169,0.407,0.171,0.667,0.593
1991,11,110005,1100056,CEREJEIRAS,62.73,3.55,43.0,54.82,71.09,84.62,68.2,2.46,8.14,5.06,4.83,20.26,8.17,22.29,12.31,27.32,37.35,42.07,48.91,24.03,26.61,29.95,38.63,31.32,21.14,71.66,86.65,22.17,6.34,0.32,67.18,73.72,10.05,6.34,0.32,,75.84,46.62,11.52,3.35,,,17.02,26.55,74.03,67.66,34.92,3.45,,5.65,0.19,0.0,35.85,43.51,13.76,20.26,25.13,15.21,11.66,3.35,8.45,7.67,6.59,7.39,0.91,53.73,94.02,144.16,294.6,523.38,0.6,27.56,33.0,57.11,63.45,76.15,80.56,48.15,2.54,64.37,8.58,18.09,35.63,92.55,22.45,15.01,240.1,30.46,1156.0,72.5,114.23,210.56,772.74,245.41,38.46,68.89,98.21,0.64,,,,,,,,,,,,,,,,,,,,,,,,,,,,,,,,,,,,44.47,40.81,45.41,32.87,56.36,0.55,,,,25.97,36.35,28.83,,0.0,8.73,16.52,,,2.66,43.64,1298,1228,1093,959,867,730,613,468,367,305,271,1320,205,137,80,35,10004,28,1232,1194,1135,923,839,665,573,402,303,260,175,1300,169,93,43,33,28,9367,,,,,496,1917,1458,1415,1511,11799,1367,4110,1304,10432,1210,2743,1143,7689,523,543,533,2582,5866,477,1194,759,5641,3583,5316,19371,14055,,,,,19451,19030,0.152,0.175,0.386,0.167,0.629,0.547
1991,11,110006,1100064,COLORADO DO OESTE,64.46,3.38,37.19,47.49,75.82,86.49,71.39,2.71,8.68,6.92,6.54,25.44,9.46,28.11,15.95,34.49,35.54,39.81,78.5,20.49,22.75,21.5,43.97,37.44,0.0,63.48,78.92,13.66,6.74,0.0,57.58,65.28,2.66,6.74,0.0,,67.6,35.87,15.2,2.29,,,20.53,30.1,65.7,58.64,29.54,6.41,,5.14,0.17,0.0,32.02,34.71,4.61,9.19,19.23,14.83,13.3,3.65,6.28,7.31,3.36,7.67,2.13,43.25,79.92,137.0,299.92,470.1,0.62,35.63,42.21,60.09,68.3,75.78,81.15,48.33,2.23,65.32,7.49,16.68,34.68,95.53,25.81,17.44,224.82,25.02,1086.49,59.17,103.28,202.33,734.3,228.14,38.07,62.57,87.54,0.7,,,,,,,,,,,,,,,,,,,,,,,,,,,,,,,,,,,,36.09,32.75,46.9,18.49,45.33,1.91,,,,34.3,39.51,32.64,,0.0,6.86,15.27,,,2.47,54.67,1689,1760,1546,1170,1090,873,783,628,466,415,357,1873,270,178,125,66,13332,48,1617,1683,1478,1119,1027,860,751,497,450,366,258,1750,199,126,83,36,36,12332,,,,,621,2709,2032,2014,1954,15294,1896,5311,1824,13398,1634,3415,1528,9983,731,661,751,3696,8301,697,1683,1044,7282,4686,10369,25664,15295,,,,,25441,25070,0.148,0.152,0.376,0.151,0.658,0.536
1991,11,110007,1100072,CORUMBIARA,59.32,3.95,56.02,71.15,83.03,80.64,61.89,1.68,7.01,7.27,6.64,30.49,11.46,34.14,22.52,42.79,21.94,24.17,0.0,22.05,23.79,0.0,56.0,52.03,0.0,59.08,75.81,0.0,0.0,0.0,57.33,66.78,0.0,0.0,0.0,,65.66,23.98,4.34,1.54,,,3.43,7.65,66.78,57.33,23.98,3.79,,0.0,0.0,0.0,12.78,16.88,0.0,0.0,1.91,3.49,4.07,0.0,0.62,2.1,0.0,2.64,0.19,15.67,32.91,56.41,99.9,188.04,0.59,67.29,73.42,86.37,89.83,94.65,95.89,45.69,1.44,62.25,7.43,18.43,37.75,92.92,24.59,16.75,81.38,5.86,371.85,24.39,44.73,78.61,253.3,90.7,29.1,44.49,57.17,0.53,,,,,,,,,,,,,,,,,,,,,,,,,,,,,,,,,,,,7.17,5.96,61.81,0.0,8.3,1.42,,,,33.22,43.25,42.11,,0.0,4.12,10.05,,,3.26,91.7,908,858,763,612,499,343,347,260,259,222,189,890,115,66,31,15,6390,13,846,835,647,471,398,330,293,240,196,137,128,860,51,37,16,15,7,5507,,,,,355,1361,1016,1018,1030,6700,888,2493,839,5812,743,1605,689,4207,369,367,345,1715,3964,200,835,441,2966,1848,11897,11897,0,,,,,11968,10737,0.035,0.041,0.203,0.039,0.572,0.373
1991,11,110008,1100080,COSTA MARQUES,62.76,4.19,42.9,54.69,86.44,84.65,68.26,2.49,7.42,10.77,8.37,19.24,10.91,20.84,12.71,24.3,26.81,29.87,43.88,22.58,25.73,0.0,50.61,44.4,56.12,73.27,88.54,15.61,40.34,0.0,68.33,75.83,4.54,40.34,0.0,,80.0,41.13,10.64,2.48,,,47.13,51.56,75.83,68.56,35.5,5.34,,4.29,0.0,0.0,24.89,30.56,9.4,11.68,26.96,23.64,22.64,3.87,14.39,14.52,8.86,14.56,3.08,50.14,80.59,138.34,310.27,469.63,0.65,33.14,40.66,61.32,67.26,75.78,80.12,53.97,1.82,68.79,7.07,15.37,31.21,93.74,30.55,19.47,250.08,22.81,1349.61,65.54,103.84,198.03,860.2,268.79,37.4,65.66,86.37,0.72,,,,,,,,,,,,,,,,,,,,,,,,,,,,,,,,,,,,28.27,23.77,72.18,31.1,68.8,3.85,,,,24.17,30.0,24.42,,1.08,14.23,21.03,,,4.82,31.2,574,543,430,353,313,248,231,205,133,114,103,592,88,69,32,14,4048,9,629,528,448,317,317,231,202,162,103,81,63,560,49,32,16,12,10,3758,,,,,272,855,647,628,718,4381,562,1547,511,3819,439,986,395,2834,214,221,229,1147,2563,194,528,262,2041,1276,1193,7806,6613,,,,,7418,6902,0.236,0.213,0.425,0.22,0.629,0.553
1991,11,110009,1100098,ESPIGÃO D'OESTE,64.18,3.84,38.09,48.63,74.24,86.19,70.88,2.14,7.92,5.72,5.86,22.12,9.1,24.19,13.52,29.58,34.42,37.5,58.65,22.72,24.54,11.97,42.85,37.96,29.38,63.65,76.83,13.21,8.86,1.03,59.61,67.02,4.85,8.86,0.28,,64.99,31.55,8.86,3.22,,,25.02,36.87,67.2,59.82,26.37,3.55,,3.82,0.0,0.0,22.17,21.01,9.29,12.59,20.51,15.78,14.06,6.94,7.76,7.36,10.95,7.21,0.76,43.39,94.02,169.24,307.92,517.11,0.63,31.33,36.84,51.0,58.6,75.08,80.8,50.79,1.81,66.16,6.81,16.85,33.84,91.29,29.83,19.43,263.03,23.76,1335.81,65.81,132.0,223.48,870.11,267.38,34.77,59.8,100.28,0.76,,,,,,,,,,,,,,,,,,,,,,,,,,,,,,,,,,,,39.1,36.92,52.55,55.97,48.11,4.02,,,,32.8,37.03,30.16,,0.0,10.02,12.02,,,2.2,51.89,1565,1521,1291,1229,1090,929,713,564,439,351,284,1572,237,133,89,35,12068,26,1538,1532,1215,1039,922,864,661,439,345,270,233,1642,175,106,51,27,29,11088,,,,,625,2396,1826,1750,1852,13786,1554,4774,1435,12232,1413,3220,1413,9012,626,661,609,3210,7160,496,1532,733,6376,4122,11970,23156,11186,,,,,22877,22505,0.158,0.159,0.388,0.159,0.653,0.561
1991,11,110010,1100106,GUAJARÁ-MIRIM,64.71,4.19,36.41,46.5,81.03,86.74,71.84,3.56,7.88,7.61,6.13,16.68,8.41,18.12,8.63,21.73,29.81,35.7,38.89,20.88,23.78,48.28,49.31,40.52,12.83,85.42,102.63,26.2,18.68,3.53,76.56,79.68,6.61,18.68,1.41,,87.25,66.8,19.38,7.94,,,30.49,38.23,79.94,76.98,58.33,6.74,,8.74,0.26,0.0,37.1,47.57,9.26,13.84,34.84,31.88,30.77,10.06,13.63,19.39,12.49,21.53,3.35,90.15,141.03,237.87,522.75,846.18,0.6,14.84,20.51,39.17,49.0,62.84,71.92,47.14,2.36,64.3,8.14,17.51,35.7,88.42,23.17,15.81,391.37,46.16,1844.75,113.04,183.45,355.92,1258.27,404.51,33.75,78.29,120.1,0.65,,,,,,,,,,,,,,,,,,,,,,,,,,,,,,,,,,,,51.93,50.23,62.6,85.07,79.91,7.32,,,,20.06,23.26,16.87,,0.0,24.88,20.66,,,3.05,20.09,2302,2212,1820,1581,1431,1044,823,677,574,432,317,2195,334,295,188,95,16400,80,2275,2194,1903,1562,1349,1067,853,686,532,426,303,2245,285,202,126,100,75,16183,,,,,954,3456,2618,2545,2665,19160,2301,6866,2285,16859,2077,4565,1944,12294,958,937,857,4453,10210,1161,2194,1074,9469,6004,5177,32583,27406,,,,,32289,31240,0.319,0.217,0.468,0.247,0.662,0.625
1991,11,110011,1100114,JARU,64.46,4.38,37.19,47.49,79.01,86.49,71.39,2.24,7.19,9.39,8.19,23.62,11.12,25.78,16.18,31.44,30.65,34.58,59.5,20.98,23.51,17.66,48.37,41.91,22.84,64.99,81.02,8.43,4.84,0.59,60.0,66.66,2.81,4.84,0.26,,70.99,37.61,11.77,1.9,,,18.44,28.55,66.81,60.36,33.38,7.36,,2.2,0.07,0.0,24.81,31.75,4.37,7.23,11.93,12.31,12.46,1.9,3.63,5.67,3.42,6.47,0.86,53.73,99.9,161.18,282.06,456.0,0.57,27.51,35.54,52.18,62.6,76.39,82.3,44.13,2.13,60.03,9.04,20.71,39.97,95.16,19.52,13.28,221.53,23.62,977.54,76.54,129.24,213.34,664.89,235.85,33.8,65.52,103.04,0.53,,,,,,,,,,,,,,,,,,,,,,,,,,,,,,,,,,,,30.94,26.55,54.5,43.25,49.64,3.51,,,,33.19,39.54,30.51,,0.61,10.26,13.02,,,2.18,50.36,3457,3503,2864,2445,2130,1794,1424,1182,886,735,549,3598,458,326,144,104,25659,62,3360,3337,2913,2355,1984,1603,1345,992,714,584,437,3524,319,219,115,87,58,23942,,,,,1347,5362,4111,3928,4004,28822,3546,10576,3399,25277,3246,7031,3013,18246,1467,1360,1435,7241,16148,1114,3337,1696,13721,8454,21926,49601,27675,,,,,49482,46478,0.123,0.124,0.352,0.124,0.658,0.534
1991,11,110012,1100122,JI-PARANÁ,64.51,3.36,37.04,47.3,71.55,86.54,71.48,2.55,8.22,6.97,5.21,18.11,7.09,19.76,11.65,24.37,35.21,40.15,44.02,23.64,25.87,38.55,41.16,33.99,17.44,75.95,91.44,24.36,11.46,2.83,69.36,74.87,11.95,11.46,1.15,,79.28,54.02,14.85,4.74,,,24.29,36.08,75.34,70.42,38.67,6.79,,5.13,0.11,0.12,34.2,43.71,16.21,20.32,29.16,22.31,19.89,6.19,12.2,12.13,9.98,12.11,2.46,78.35,135.79,204.96,385.48,650.15,0.57,16.7,21.94,40.8,49.7,68.05,75.44,45.32,2.83,61.52,9.59,20.36,38.48,93.7,18.91,12.83,312.09,44.14,1414.41,105.45,168.19,282.73,959.96,322.06,38.21,76.0,120.52,0.55,,,,,,,,,,,,,,,,,,,,,,,,,,,,,,,,,,,,54.31,48.45,52.52,53.78,71.14,3.06,,,,24.66,33.08,25.49,,0.64,7.86,13.87,,,2.18,28.86,6572,6494,5510,4928,4699,3875,3033,2439,1795,1480,1006,6859,914,688,401,214,51038,134,6456,6457,5813,5183,4594,3806,3017,2202,1542,1214,970,6608,700,547,297,164,121,49688,,,,,2566,10120,7790,7306,7853,61282,6945,21434,6839,54337,6504,14489,6353,39848,2609,2768,2641,13530,30594,2565,6457,3650,30168,19172,25312,100726,75414,,,,,99247,96175,0.223,0.202,0.433,0.209,0.659,0.589
1991,11,110013,1100130,MACHADINHO D'OESTE,60.43,4.67,51.56,65.56,76.89,81.97,63.94,1.41,5.57,10.84,7.0,21.23,10.32,23.19,14.76,27.57,27.62,31.9,0.0,18.57,20.42,100.0,53.81,47.68,0.0,55.33,68.59,5.6,0.0,0.0,48.52,53.21,1.28,0.0,0.0,,55.97,36.15,12.76,2.96,,,5.01,6.22,53.38,49.75,29.63,8.82,,1.67,0.0,0.0,11.05,20.74,6.11,7.37,14.78,13.16,12.6,0.0,2.23,3.85,1.93,4.41,0.49,37.61,95.73,176.76,282.06,470.1,0.6,31.5,33.72,54.38,57.83,76.03,82.38,44.8,0.59,61.99,6.64,18.0,38.01,97.32,26.99,18.68,220.98,6.55,989.87,66.79,125.54,221.08,684.92,255.96,24.14,57.41,96.39,0.54,,,,,,,,,,,,,,,,,,,,,,,,,,,,,,,,,,,,21.37,20.31,60.2,1.91,35.1,10.9,,,,46.62,38.07,28.95,,0.0,11.73,9.57,,,3.36,64.9,784,922,692,569,483,467,420,343,272,206,155,879,106,51,33,11,6400,7,750,826,632,456,445,394,347,247,170,98,99,791,55,36,14,8,6,5374,,,,,284,1374,1037,1006,918,6822,828,2349,790,5994,700,1521,637,4473,332,295,314,1749,3951,166,826,437,3007,1919,6883,11774,4891,,,,,11449,9884,0.132,0.055,0.286,0.074,0.591,0.533
1991,11,110014,1100148,NOVA BRASILÂNDIA D'OESTE,61.4,4.24,47.83,60.89,74.71,83.11,65.74,2.0,7.61,7.86,8.13,28.01,11.2,31.21,18.05,38.85,28.47,32.87,53.11,21.28,24.12,34.28,50.26,43.01,12.61,62.12,80.88,8.55,0.0,0.19,56.19,63.53,2.32,0.0,0.19,,64.44,34.41,11.79,2.05,,,13.2,19.38,64.01,56.33,32.09,8.42,,2.31,0.28,0.0,16.39,21.0,3.08,4.59,9.23,6.91,6.02,0.95,0.88,1.63,1.24,1.92,0.0,31.34,58.92,94.02,150.43,193.41,0.52,46.88,54.98,77.18,83.63,94.94,97.04,38.78,2.74,54.58,10.69,24.29,45.42,96.31,14.51,10.22,109.75,15.03,425.58,43.61,74.67,115.92,299.54,115.09,34.35,59.28,82.41,0.44,,,,,,,,,,,,,,,,,,,,,,,,,,,,,,,,,,,,8.75,7.87,58.02,0.0,16.64,1.78,,,,35.99,43.26,41.64,,0.0,5.17,8.32,,,3.57,83.36,1283,1384,1321,1005,787,648,554,481,399,330,277,1333,226,127,75,31,10274,18,1285,1336,1202,782,695,593,529,405,290,211,211,1254,114,67,31,17,21,9040,,,,,526,2170,1671,1586,1552,11440,1587,4309,1511,9854,1299,2722,1173,7132,490,510,489,2627,6383,386,1336,758,5165,3182,14282,19313,5031,,,,,19163,18275,0.069,0.084,0.272,0.079,0.607,0.421
1991,11,110015,1100155,OURO PRETO DO OESTE,62.76,3.59,42.9,54.69,76.91,84.65,68.26,2.49,7.37,8.92,8.33,21.49,9.53,23.23,15.13,28.21,33.09,36.61,32.26,23.88,25.34,46.15,43.03,38.06,21.6,67.1,80.69,17.45,14.55,0.0,62.4,69.45,7.42,14.55,0.0,,72.22,40.86,11.76,2.87,,,19.98,26.06,69.89,63.65,28.41,4.91,,3.65,0.22,0.0,23.29,29.51,11.66,13.25,20.26,15.98,14.45,6.25,7.76,8.12,6.53,8.25,1.73,62.68,117.53,188.04,324.37,517.11,0.59,21.39,27.27,48.63,56.3,72.8,77.62,48.35,2.46,63.25,8.92,19.43,36.75,94.45,21.69,14.19,276.84,34.12,1338.5,89.33,145.45,239.73,875.57,287.1,36.15,73.22,111.22,0.6,,,,,,,,,,,,,,,,,,,,,,,,,,,,,,,,,,,,43.92,38.87,49.53,66.3,60.01,2.4,,,,30.11,34.41,27.88,,0.0,8.94,10.42,,,3.6,39.99,2566,2553,2087,1777,1744,1459,1131,860,662,535,407,2713,330,249,145,96,19356,45,2601,2467,2161,1832,1702,1304,989,781,556,439,355,2596,262,193,112,52,50,18449,,,,,1021,3908,3017,2890,3025,22311,2606,7857,2528,19705,2411,5251,2277,14454,1121,1040,1072,5381,11894,941,2467,1204,10786,6793,14219,37805,23586,,,,,36928,35608,0.16,0.153,0.382,0.155,0.629,0.57
1991,11,110018,1100189,PIMENTA BUENO,62.76,3.97,42.9,54.69,72.12,84.65,68.26,2.28,7.84,5.76,5.45,18.41,7.12,20.06,11.49,24.65,35.25,39.09,50.74,24.81,27.06,39.0,39.94,33.85,10.26,71.91,85.68,25.13,4.74,1.29,65.27,71.33,11.99,4.74,1.08,,74.16,45.15,13.02,3.6,,,17.66,30.29,71.75,65.7,32.35,6.33,,3.95,0.1,0.0,30.34,38.0,17.61,22.67,23.43,20.15,19.03,5.13,7.0,10.14,4.18,11.22,2.72,78.98,131.63,203.71,393.0,669.89,0.59,15.15,20.1,41.16,49.21,68.45,75.59,48.1,3.21,63.39,9.45,19.39,36.61,88.58,20.35,13.41,332.51,53.45,1599.44,103.72,165.16,286.25,1053.96,334.13,46.79,80.15,122.5,0.61,,,,,,,,,,,,,,,,,,,,,,,,,,,,,,,,,,,,60.87,56.89,52.23,73.68,77.5,1.94,,,,28.25,33.16,26.59,,0.0,7.69,14.75,,,2.2,22.5,2324,2002,1759,1533,1463,1270,1032,795,587,454,389,2179,297,211,116,56,16503,40,2080,1991,1766,1594,1452,1195,914,650,501,378,307,2068,206,159,70,52,26,15407,,,,,893,3144,2423,2243,2670,19268,2181,6652,2075,17087,1969,4471,1948,12616,841,859,860,4236,9560,729,1991,1218,9269,5909,6405,31910,25505,,,,,31136,30985,0.202,0.177,0.412,0.185,0.629,0.599
1991,11,110020,1100205,PORTO VELHO,62.99,3.19,43.88,55.92,72.4,84.34,67.75,2.1,7.87,8.86,5.75,13.01,6.15,13.91,7.68,16.81,34.66,39.22,53.7,22.27,24.26,32.05,43.07,36.52,14.25,82.95,97.12,34.59,25.85,3.69,73.13,77.9,13.57,25.85,1.55,,84.13,60.43,20.37,5.54,,,38.69,48.33,78.53,74.43,42.97,7.89,,8.1,0.09,0.0,33.72,45.19,18.09,25.37,41.2,38.28,37.2,10.45,16.22,20.8,13.4,22.49,5.54,114.91,197.44,319.67,592.33,1002.88,0.58,8.4,11.69,26.09,34.16,50.33,60.24,46.33,2.97,62.27,9.37,19.87,37.73,90.43,19.77,13.29,486.43,72.26,2253.8,155.71,255.3,434.51,1514.39,490.33,43.99,84.9,137.22,0.59,,,,,,,,,,,,,,,,,,,,,,,,,,,,,,,,,,,,58.15,54.45,59.76,68.52,95.44,5.18,,,,21.47,19.53,11.4,,0.54,13.27,20.28,,,1.42,4.56,19356,16715,14023,13429,13553,11601,8691,6370,4258,3244,2227,18779,1784,1417,852,438,137021,287,18617,16783,15311,14676,13437,10897,8245,5476,3626,2815,2083,18048,1708,1192,687,459,362,134420,,,,,7536,26279,20175,19087,22778,163143,17996,57438,17660,145147,16744,39442,16566,105705,7659,7887,7435,36159,80434,5694,16783,9091,80973,50986,41653,271441,229788,,,,,266611,264484,0.383,0.252,0.495,0.29,0.633,0.66
1991,11,110025,1100254,PRESIDENTE MÉDICI,63.84,3.36,39.23,50.06,78.11,85.83,70.25,2.79,7.15,9.19,9.04,28.63,13.3,31.26,17.94,37.56,32.42,34.62,80.77,23.88,25.3,19.23,43.71,40.08,0.0,66.03,81.4,6.47,9.36,0.93,61.58,71.16,2.32,9.36,0.16,,66.34,28.38,11.09,3.75,,,25.52,36.27,71.28,62.48,22.13,6.46,,1.94,0.0,0.0,21.32,24.76,4.03,6.16,10.29,11.1,11.39,3.75,3.29,5.37,3.56,6.12,1.04,56.41,94.02,135.81,253.85,376.08,0.52,28.81,35.74,60.64,69.28,80.19,84.35,40.31,3.71,56.72,11.49,23.51,43.28,95.76,14.04,9.87,187.85,34.86,757.31,73.05,112.95,185.62,532.79,188.91,43.16,74.24,101.9,0.47,,,,,,,,,,,,,,,,,,,,,,,,,,,,,,,,,,,,30.1,25.79,55.22,50.44,40.43,2.05,,,,28.72,39.11,32.85,,0.0,9.09,9.1,,,2.94,59.57,2079,2089,1698,1431,1235,1065,906,692,543,505,400,2149,292,256,159,71,15626,59,1923,1943,1622,1334,1155,946,827,653,421,420,305,2027,244,148,54,56,26,14102,,,,,790,3161,2401,2350,2422,17519,2073,6084,1977,15446,1814,4011,1781,11435,790,832,826,4215,9449,829,1943,912,8209,5253,18924,29727,10803,,,,,29619,29453,0.111,0.137,0.348,0.128,0.647,0.507
1991,11,110026,1100262,RIO CRESPO,59.66,4.29,54.65,69.43,74.52,81.05,62.51,1.69,7.26,12.89,7.03,25.38,11.53,27.9,18.72,34.04,20.04,22.36,0.0,28.46,31.75,0.0,51.5,45.89,0.0,52.49,67.32,5.91,0.0,0.0,48.41,57.21,0.0,0.0,0.0,,58.94,20.78,7.13,0.0,,,0.0,0.0,57.21,48.41,20.78,2.84,,2.61,0.0,0.0,11.0,16.67,9.2,14.58,18.63,10.42,6.55,0.0,3.73,1.86,0.0,0.98,0.0,40.29,80.59,117.53,202.81,250.72,0.51,36.0,38.73,64.02,68.71,90.16,93.85,36.87,2.33,52.92,10.67,24.21,47.08,98.7,13.83,9.92,140.95,16.41,519.75,58.76,95.44,161.16,373.0,155.93,32.9,60.99,99.1,0.37,,,,,,,,,,,,,,,,,,,,,,,,,,,,,,,,,,,,18.32,12.68,65.31,0.0,23.89,1.87,,,,42.79,38.76,34.01,,0.0,15.18,11.89,,,0.67,76.11,189,199,158,166,134,100,77,70,63,57,46,188,40,16,10,5,1514,1,171,181,136,115,86,68,63,46,54,33,30,178,9,6,6,2,1,1182,,,,,73,291,227,209,226,1590,192,574,184,1398,162,382,167,1017,62,72,68,383,866,46,181,108,652,402,2696,2696,0,,,,,2577,2329,0.104,0.051,0.259,0.065,0.578,0.461
1991,11,110028,1100288,ROLIM DE MOURA,64.87,4.51,35.88,45.83,71.09,86.92,72.15,2.49,8.13,6.8,6.84,21.79,8.56,23.74,12.8,29.33,32.51,36.35,59.64,22.86,25.2,25.14,44.63,38.45,15.22,69.7,87.02,13.26,11.74,2.62,62.99,71.11,5.0,11.74,1.34,,68.96,38.17,14.04,4.56,,,22.36,33.79,71.22,63.46,31.53,7.07,,3.68,0.0,0.0,25.13,34.38,7.17,9.47,21.3,15.71,13.67,5.68,8.66,7.45,8.99,7.0,1.65,54.24,95.9,175.11,319.67,507.71,0.58,27.75,34.04,50.01,57.1,74.23,78.96,46.19,2.6,62.21,8.62,19.41,37.79,95.62,21.43,14.43,251.8,32.75,1163.08,75.79,135.87,231.42,783.16,255.62,40.7,66.84,105.75,0.61,,,,,,,,,,,,,,,,,,,,,,,,,,,,,,,,,,,,35.39,29.29,50.02,32.21,52.72,4.06,,,,28.78,37.56,29.67,,0.32,10.74,10.15,,,2.64,47.28,2986,2827,2478,2194,1968,1642,1397,1052,816,669,578,2909,403,310,180,93,22564,62,2924,2745,2653,2135,1876,1603,1263,918,710,548,427,2770,347,206,120,70,51,21366,,,,,1198,4370,3281,3219,3484,26769,3085,9460,3048,23684,2975,6375,2801,17309,1228,1104,1082,5777,13232,1092,2745,1499,12927,8139,15658,43930,28272,,,,,42961,42319,0.157,0.151,0.383,0.153,0.665,0.554
1991,11,110029,1100296,SANTA LUZIA D'OESTE,59.32,3.99,56.02,71.15,76.21,80.64,61.89,2.38,6.54,7.12,9.0,26.75,11.76,29.15,18.67,36.06,23.98,26.1,49.37,23.08,25.1,25.36,52.93,48.8,25.27,53.98,68.93,7.72,8.99,0.66,50.45,59.66,2.75,8.99,0.0,,56.5,25.25,4.82,3.87,,,16.88,27.51,59.66,51.26,19.19,2.57,,1.8,0.0,0.99,15.34,16.97,7.45,8.75,10.67,8.18,7.22,4.53,5.08,3.81,6.4,3.32,1.55,25.39,47.01,78.35,156.7,242.1,0.57,55.74,65.15,76.26,84.93,90.79,93.13,42.66,1.83,59.95,8.46,19.65,40.05,94.85,20.17,14.17,110.82,10.17,472.71,36.7,62.03,113.04,332.17,121.6,33.41,50.86,72.01,0.5,,,,,,,,,,,,,,,,,,,,,,,,,,,,,,,,,,,,13.14,9.41,54.51,32.21,21.03,11.19,,,,40.34,44.45,41.8,,0.0,12.94,8.57,,,4.71,78.97,958,842,699,707,567,450,324,281,233,177,170,833,144,95,56,27,6577,14,870,780,711,578,499,370,328,212,199,156,122,755,69,42,27,18,15,5751,,,,,398,1278,969,932,1053,7290,867,2695,850,6423,837,1828,820,4595,377,314,329,1618,3763,294,780,429,3346,2057,8041,12328,4287,,,,,12248,11163,0.082,0.111,0.289,0.1,0.572,0.422
1991,11,110030,1100304,VILHENA,64.89,3.02,35.82,45.75,67.34,86.94,72.18,1.79,9.05,5.74,5.17,14.51,5.95,15.6,9.3,18.97,47.84,53.95,35.89,22.76,23.64,48.47,29.4,22.41,15.64,75.78,90.3,26.98,16.12,5.95,68.84,75.3,14.34,16.12,1.97,,76.88,46.64,14.87,3.18,,,33.0,43.65,76.25,69.46,30.89,7.2,,4.64,0.58,0.0,46.0,47.45,20.52,23.09,33.0,29.3,27.99,12.07,15.37,16.53,14.01,16.95,3.96,117.53,184.91,293.81,540.62,928.45,0.59,6.65,9.97,25.81,32.7,54.73,63.3,48.94,3.27,64.13,9.56,19.48,35.87,90.84,20.48,13.41,472.17,77.24,2310.87,148.47,234.22,386.95,1513.95,475.68,43.79,88.48,141.09,0.61,,,,,,,,,,,,,,,,,,,,,,,,,,,,,,,,,,,,76.62,72.05,41.96,85.89,83.08,1.47,,,,23.75,27.45,18.58,,0.59,10.26,15.02,,,0.87,16.92,2620,2273,1898,1858,1798,1622,1262,892,719,525,417,2475,315,189,113,41,19035,23,2558,2235,2087,1974,1920,1581,1174,820,628,438,387,2357,250,144,84,42,41,18716,,,,,1025,3543,2657,2592,3144,23235,2436,7815,2372,20799,2328,5379,2354,15420,1009,1003,962,4794,10773,676,2235,1254,11566,7506,3238,37751,34513,,,,,37496,37210,0.293,0.279,0.498,0.284,0.665,0.655
1991,11,110032,1100320,SÃO MIGUEL DO GUAPORÉ,58.56,4.31,59.24,75.16,77.56,79.7,60.49,1.56,6.24,8.2,6.97,25.89,12.55,28.67,16.61,34.78,23.09,25.86,0.0,21.18,23.72,0.0,55.73,50.42,0.0,50.86,66.74,0.83,0.0,0.0,47.86,56.3,0.0,0.0,0.0,,56.99,24.33,4.19,5.23,,,7.18,12.69,56.3,48.6,21.27,2.98,,0.5,0.0,0.0,13.65,11.9,0.0,2.71,8.03,7.66,7.52,3.65,2.72,2.47,0.0,2.39,1.25,21.94,42.31,74.69,125.36,266.39,0.62,55.87,64.58,81.11,86.08,88.97,91.21,50.72,1.83,67.19,7.43,17.16,32.81,94.32,27.33,18.1,118.34,10.85,600.28,33.08,57.62,92.61,397.55,123.08,31.03,49.64,62.15,0.7,,,,,,,,,,,,,,,,,,,,,,,,,,,,,,,,,,,,10.72,3.57,60.14,6.28,16.03,1.16,,,,43.7,41.3,37.15,,0.0,12.6,5.58,,,2.14,83.97,770,705,684,561,478,375,270,267,212,197,150,728,90,68,25,12,5596,9,771,695,543,438,398,325,262,203,160,136,94,735,49,18,13,8,12,4857,,,,,317,1116,808,831,913,6050,775,2225,722,5276,667,1450,650,3826,311,286,283,1461,3351,164,695,353,2656,1676,8234,10452,2218,,,,,10186,9794,0.077,0.061,0.252,0.066,0.559,0.433
1991,11,110033,1100338,NOVA MAMORÉ,57.82,4.99,62.46,79.17,85.61,78.77,59.13,2.24,7.97,13.62,13.5,31.25,20.08,33.59,20.31,38.46,30.8,34.9,29.61,25.71,27.97,54.15,43.48,37.12,16.23,63.58,77.32,7.96,11.13,0.0,61.65,66.53,6.32,11.13,0.0,,69.65,41.92,3.74,0.0,,,27.9,37.25,66.61,61.72,35.6,2.62,,0.8,0.0,0.0,18.59,28.33,9.14,11.66,16.09,12.04,10.57,1.34,3.66,3.92,1.47,4.02,0.96,56.41,94.02,150.43,282.06,488.9,0.51,28.82,38.58,55.94,67.01,78.07,86.35,37.24,4.06,56.34,11.47,23.48,43.66,93.54,12.99,9.82,199.35,40.48,742.4,73.86,119.66,201.15,561.6,200.13,47.37,72.94,104.6,0.44,,,,,,,,,,,,,,,,,,,,,,,,,,,,,,,,,,,,13.83,11.6,65.98,66.2,48.98,4.63,,,,33.39,37.78,28.87,,0.0,12.56,33.65,,,4.26,51.02,570,523,377,362,328,232,192,193,123,126,94,544,72,59,23,18,3839,3,527,499,376,310,307,205,195,118,113,73,61,518,48,27,15,14,3,3409,,,,,218,815,630,582,642,4067,474,1425,454,3593,399,951,372,2642,237,221,205,1048,2337,162,499,199,1865,1179,3524,7248,3724,,,,,7147,7119,0.12,0.142,0.336,0.134,0.547,0.517
1991,11,110034,1100346,ALVORADA D'OESTE,60.89,4.41,49.76,63.3,80.48,82.52,64.8,2.1,7.29,9.89,7.89,25.52,10.48,28.07,17.79,34.42,28.55,30.77,19.87,27.48,28.81,80.13,43.97,40.42,0.0,67.75,84.43,8.42,2.49,0.36,62.67,74.11,2.16,2.49,0.09,,75.82,24.42,11.74,4.02,,,12.45,22.18,74.62,63.6,19.82,7.08,,2.44,0.0,0.0,25.24,31.44,8.01,4.62,10.26,10.41,10.46,0.85,2.69,4.73,1.34,5.45,0.83,26.86,56.41,97.78,188.04,313.4,0.58,46.52,52.95,70.37,75.52,88.7,90.6,45.33,1.92,61.34,7.82,18.91,38.66,93.99,23.2,15.7,138.64,13.28,628.51,40.9,76.89,136.94,425.2,145.77,32.07,54.43,81.25,0.59,,,,,,,,,,,,,,,,,,,,,,,,,,,,,,,,,,,,20.59,14.04,59.58,29.79,28.42,4.63,,,,25.38,39.17,35.71,,0.0,4.94,12.61,,,3.68,71.58,1443,1457,1211,1049,922,705,566,489,362,319,255,1495,227,135,76,37,10766,18,1390,1422,1076,826,792,645,521,385,284,233,209,1378,119,81,42,28,8,9439,,,,,591,2274,1759,1660,1682,11620,1471,4162,1386,10149,1180,2691,1146,7458,560,544,529,2934,6679,425,1422,750,5249,3347,12625,20205,7580,,,,,20242,19253,0.104,0.116,0.313,0.112,0.598,0.458
1991,11,110037,1100379,ALTO ALEGRE DOS PARECIS,59.32,4.04,56.02,71.15,75.46,80.64,61.89,1.47,5.31,11.31,9.62,25.42,10.8,27.72,18.71,34.67,24.76,26.34,0.0,22.64,24.08,0.0,52.6,49.57,0.0,49.77,65.08,0.0,2.88,0.0,47.37,58.22,0.0,2.88,0.0,,54.76,12.1,3.94,0.0,,,8.01,10.03,58.22,47.37,12.1,2.9,,0.0,0.0,0.0,12.17,10.39,0.0,5.8,6.08,6.35,6.46,0.0,0.0,1.83,0.0,2.58,0.0,28.21,52.89,78.35,127.63,188.04,0.64,53.82,60.32,81.75,85.37,95.2,97.27,55.58,1.9,67.04,7.84,17.53,32.96,101.83,28.36,17.11,132.23,12.58,734.93,39.24,64.08,102.02,443.24,142.52,34.69,56.16,74.1,0.69,,,,,,,,,,,,,,,,,,,,,,,,,,,,,,,,,,,,9.04,3.19,59.89,0.0,12.43,0.62,,,,41.78,42.44,39.79,,0.0,13.31,5.16,,,3.36,87.57,659,633,577,470,437,300,229,225,183,149,121,577,80,42,19,10,4714,6,582,566,501,375,301,236,204,168,159,99,60,567,45,24,15,7,5,3909,,,,,262,955,717,705,743,5041,640,1922,618,4402,628,1283,604,3119,237,233,195,1154,2748,127,566,322,2195,1320,8623,8623,0,,,,,8458,7847,0.064,0.05,0.241,0.054,0.572,0.451
1991,11,110040,1100403,ALTO PARAÍSO,59.66,5.34,54.65,69.43,71.99,81.05,62.51,1.89,5.96,10.9,7.56,22.06,8.82,24.23,14.35,29.9,25.61,27.34,0.0,24.11,24.8,0.0,50.28,47.86,0.0,43.97,56.04,0.0,14.66,0.0,42.17,50.34,0.0,14.66,0.0,,41.31,14.35,3.72,0.0,,,26.92,36.36,50.34,42.59,12.36,3.72,,0.0,0.0,0.0,7.76,7.06,0.0,0.39,3.63,5.29,5.95,0.0,0.83,2.42,0.0,3.05,0.0,28.21,47.01,94.02,176.29,308.7,0.6,47.42,54.34,74.98,79.12,86.91,89.68,46.26,1.96,63.9,7.37,17.88,36.1,94.58,25.11,17.34,134.82,13.21,623.7,36.46,70.88,122.82,430.75,143.69,29.34,54.29,72.81,0.6,,,,,,,,,,,,,,,,,,,,,,,,,,,,,,,,,,,,16.37,13.53,50.73,0.0,21.7,1.35,,,,49.66,50.99,43.8,,0.0,0.0,10.34,,,1.12,78.3,578,590,574,492,391,316,269,222,210,164,132,626,116,53,31,7,4776,9,514,598,501,350,286,267,223,178,164,103,83,598,59,34,19,10,6,3989,,,,,208,936,698,711,656,5262,688,1917,690,4574,566,1230,522,3345,229,237,235,1239,2862,166,598,259,2279,1428,8764,8764,0,,,,,9261,8689,0.053,0.087,0.269,0.074,0.578,0.454
1991,11,110045,1100452,BURITIS,63.27,4.03,41.14,52.47,53.96,85.21,69.2,0.91,1.5,48.41,27.16,32.25,23.32,32.69,22.92,36.19,40.85,40.85,0.0,0.0,0.0,0.0,59.15,59.15,0.0,16.39,19.48,0.0,0.0,0.0,10.5,12.47,0.0,0.0,0.0,,0.0,0.0,0.0,0.0,,,0.0,0.0,12.47,10.5,0.0,0.0,,0.0,0.0,0.0,27.04,0.0,18.93,0.0,8.95,9.09,9.12,4.6,0.0,2.7,0.0,3.23,0.0,0.0,83.57,141.03,188.04,235.05,0.39,15.61,18.1,58.03,65.25,92.43,100.0,32.61,3.08,45.0,18.77,30.95,55.0,93.19,0.0,0.0,152.66,0.0,497.84,0.0,92.96,0.0,343.49,152.66,51.6,76.64,117.47,0.26,,,,,,,,,,,,,,,,,,,,,,,,,,,,,,,,,,,,0.0,0.0,72.04,0.0,0.0,33.15,,,,87.53,39.0,31.42,,0.0,0.0,18.49,,,0.0,100.0,42,51,40,73,65,48,38,27,26,10,10,43,8,3,2,1,484,0,53,31,23,32,32,15,21,15,7,7,5,43,1,1,0,0,0,284,,,,,19,63,51,43,58,506,41,167,43,465,47,127,55,339,18,20,17,85,188,7,31,10,158,103,768,768,0,,,,,500,500,0.091,0.126,0.325,0.113,0.638,0.474
1991,11,110050,1100502,NOVO HORIZONTE DO OESTE,59.32,4.47,56.02,71.15,77.76,80.64,61.89,2.14,5.82,7.01,7.39,27.44,11.21,30.38,20.63,37.97,24.1,25.47,0.0,23.04,24.34,0.0,52.86,50.19,0.0,47.5,60.72,0.0,0.0,0.93,45.75,55.34,0.0,0.0,0.0,,48.56,11.63,4.18,0.0,,,8.48,18.49,55.34,45.83,11.27,3.76,,0.0,0.0,0.0,6.45,8.07,0.0,2.95,6.12,3.24,2.17,1.38,3.45,1.42,1.27,0.66,0.0,18.8,35.26,58.76,94.02,164.54,0.54,68.1,75.82,87.96,91.06,96.18,96.98,42.84,3.18,58.55,10.24,22.12,41.45,96.06,16.73,11.43,76.31,12.15,326.94,26.94,45.3,73.77,223.4,78.16,32.23,46.03,58.17,0.51,,,,,,,,,,,,,,,,,,,,,,,,,,,,,,,,,,,,8.1,3.27,59.07,0.0,7.73,1.65,,,,44.66,45.49,43.38,,0.0,11.66,4.4,,,4.09,92.27,843,820,727,591,516,385,283,247,232,231,167,769,137,78,41,20,6100,13,757,763,671,513,371,315,277,222,198,162,107,799,72,47,22,5,18,5319,,,,,347,1284,974,972,922,6668,852,2502,830,5816,763,1650,713,4166,331,299,314,1568,3704,244,763,342,3000,1816,11419,11419,0,,,,,11737,11460,0.032,0.041,0.199,0.038,0.572,0.362
1991,11,110060,1100601,CACAULÂNDIA,61.51,4.88,47.44,60.39,81.31,83.23,65.94,1.81,7.16,19.5,11.05,27.51,16.59,29.66,20.57,34.2,18.02,19.4,0.0,25.55,26.7,0.0,56.43,53.9,0.0,52.38,67.93,0.0,9.88,0.0,50.72,61.1,0.0,9.88,0.0,,63.59,15.74,5.8,0.0,,,10.02,10.14,61.1,50.72,15.74,3.42,,0.0,0.0,0.0,9.64,11.0,7.22,6.13,14.36,11.07,9.67,0.0,3.45,4.11,0.0,4.39,1.01,50.77,82.27,141.03,235.05,311.21,0.44,28.96,38.65,58.72,67.63,81.83,84.09,28.86,4.12,47.12,13.13,27.6,52.88,98.15,8.79,7.18,149.14,30.72,430.39,67.19,107.87,188.53,351.37,150.66,39.27,66.91,101.55,0.35,,,,,,,,,,,,,,,,,,,,,,,,,,,,,,,,,,,,8.12,4.57,52.27,0.0,38.39,2.48,,,,38.9,38.05,28.17,,0.0,9.63,13.98,,,1.21,61.61,406,353,283,266,242,215,164,130,113,85,68,397,65,44,13,15,2860,1,391,336,256,220,176,175,130,90,62,63,49,371,37,10,5,6,1,2378,,,,,155,518,404,373,470,2984,344,1025,320,2640,289,681,298,1959,172,151,162,788,1650,95,336,184,1280,804,5238,5238,0,,,,,5300,5246,0.111,0.067,0.283,0.079,0.609,0.47
1991,11,110070,1100700,CAMPO NOVO DE RONDÔNIA,60.79,3.89,50.16,63.81,78.48,82.4,64.6,1.11,6.03,13.22,10.3,29.99,16.07,32.93,24.92,38.81,20.72,24.29,0.0,24.15,28.3,0.0,55.13,47.41,0.0,75.31,96.09,0.0,19.57,0.0,68.57,74.64,0.0,19.57,0.0,,82.12,56.49,14.42,2.98,,,33.51,40.8,74.64,70.71,46.57,14.42,,0.0,0.0,0.0,7.9,9.84,0.85,0.88,0.0,5.54,7.73,0.0,0.0,2.54,0.0,3.54,0.0,65.81,80.59,125.36,241.77,294.15,0.5,30.33,38.09,64.68,71.62,80.75,84.65,39.69,4.34,55.05,12.47,24.29,44.95,101.0,12.73,8.83,174.67,37.91,693.21,70.99,103.27,180.41,480.8,176.12,47.63,74.58,99.24,0.44,,,,,,,,,,,,,,,,,,,,,,,,,,,,,,,,,,,,9.11,4.54,76.03,0.0,27.33,11.47,,,,25.36,31.71,24.53,,0.0,11.68,5.01,,,0.0,72.67,276,275,253,189,168,134,111,93,84,69,61,311,50,18,9,2,2103,2,247,262,192,137,137,107,107,79,68,43,31,259,18,4,6,1,0,1696,,,,,96,435,339,309,311,2171,282,770,280,1889,234,489,212,1401,116,113,110,559,1275,42,262,111,929,601,3799,3799,0,,,,,4199,4157,0.055,0.106,0.293,0.085,0.597,0.496
1991,11,110080,1100809,CANDEIAS DO JAMARI,59.66,4.05,54.65,69.43,87.02,81.05,62.51,2.61,6.34,17.47,13.22,28.13,15.92,30.01,17.41,34.4,19.69,22.82,0.0,21.04,21.49,53.77,59.28,55.69,46.23,60.1,72.73,12.94,15.81,0.0,57.85,63.28,8.17,15.81,0.0,,68.99,37.57,4.78,1.84,,,24.42,29.91,63.28,57.85,29.4,0.75,,1.74,0.0,0.0,9.32,18.72,11.21,15.17,20.92,15.89,14.09,9.45,7.73,6.64,13.12,6.25,0.49,56.41,94.02,145.73,250.72,374.51,0.71,27.32,33.6,57.44,67.87,81.55,89.24,65.05,2.35,74.46,6.86,14.21,25.54,85.09,37.93,21.7,325.36,38.27,2116.58,73.35,119.63,184.29,1211.28,332.84,44.25,74.19,106.48,0.94,,,,,,,,,,,,,,,,,,,,,,,,,,,,,,,,,,,,18.99,18.33,73.59,0.0,72.04,9.6,,,,36.72,26.61,18.35,,0.0,22.41,19.92,,,2.75,27.96,613,575,410,329,307,295,251,219,153,161,105,592,82,63,36,17,4217,9,541,496,338,324,250,258,204,167,104,73,65,582,43,31,24,12,10,3522,,,,,239,847,653,635,685,4340,484,1401,441,3856,392,917,394,2939,230,232,237,1166,2497,202,496,286,1903,1241,7739,7739,0,,,,,7973,7794,0.159,0.136,0.366,0.143,0.578,0.595
1991,11,110090,1100908,CASTANHEIRAS,59.32,3.51,56.02,71.15,76.29,80.64,61.89,2.54,6.51,13.98,15.87,34.76,15.32,37.54,22.62,45.62,24.91,29.3,0.0,20.39,23.98,0.0,54.71,46.73,0.0,51.26,68.25,0.96,0.0,0.0,49.72,56.54,0.0,0.0,0.0,,60.17,29.52,2.83,0.0,,,4.41,8.93,57.24,50.24,29.52,2.27,,0.57,0.0,0.0,12.28,11.8,0.0,0.0,8.0,6.23,5.52,0.0,2.44,2.07,0.0,1.92,0.67,28.21,47.01,72.53,131.63,188.04,0.51,58.29,64.49,82.25,87.74,92.93,95.06,38.39,3.25,54.93,11.47,24.17,45.07,97.73,13.38,9.58,92.82,15.1,356.29,38.14,58.92,97.0,254.92,96.5,36.36,54.5,67.62,0.43,,,,,,,,,,,,,,,,,,,,,,,,,,,,,,,,,,,,13.53,8.99,68.94,0.0,14.18,3.85,,,,42.76,41.91,39.8,,0.0,9.72,0.0,,,0.95,85.82,301,304,287,229,186,139,106,128,98,90,68,295,50,36,15,14,2355,9,294,304,246,179,150,115,109,91,87,58,45,295,36,18,8,7,5,2047,,,,,110,472,353,349,363,2609,334,941,336,2275,302,607,278,1668,122,125,107,601,1407,112,304,199,1154,729,4402,4402,0,,,,,4543,4369,0.062,0.042,0.221,0.048,0.572,0.394
1991,11,110092,1100924,CHUPINGUAIA,61.95,3.99,45.82,58.36,66.4,83.74,66.75,1.21,4.23,17.42,14.16,28.39,15.81,29.98,20.64,35.23,43.13,46.63,0.0,8.95,9.67,0.0,47.93,43.7,0.0,48.23,58.11,0.0,0.81,0.0,48.12,53.63,0.0,0.81,0.0,,59.03,21.24,0.22,1.99,,,13.45,29.88,53.63,48.12,21.24,0.22,,0.0,0.0,0.0,7.51,12.43,0.0,3.69,9.18,8.33,8.06,3.86,2.58,2.83,0.0,2.91,0.0,48.35,94.02,164.54,282.06,427.79,0.53,25.51,38.23,49.55,66.32,78.44,89.15,40.61,3.36,57.46,10.6,23.14,42.54,97.11,15.33,10.84,215.23,36.11,874.13,77.95,134.94,208.79,618.38,215.23,40.14,68.37,110.97,0.5,,,,,,,,,,,,,,,,,,,,,,,,,,,,,,,,,,,,26.53,23.78,42.39,0.0,39.66,6.07,,,,46.37,40.39,28.58,,0.0,0.0,1.62,,,0.0,60.34,264,229,218,222,240,189,132,120,86,84,42,264,28,19,6,3,2148,3,260,227,190,188,154,142,97,79,51,41,22,261,12,9,6,2,0,1740,,,,,91,373,279,279,322,2383,239,819,236,2144,240,580,243,1564,111,112,94,495,1107,47,227,64,992,614,3887,3887,0,,,,,3548,3548,0.083,0.062,0.281,0.068,0.616,0.529
1991,11,110094,1100940,CUJUBIM,62.73,3.95,43.0,54.82,79.1,84.62,68.2,1.47,6.99,14.68,11.44,28.28,13.99,30.55,22.18,35.39,36.73,43.56,0.0,15.8,18.74,0.0,47.47,37.7,0.0,53.94,66.85,0.0,0.0,0.0,51.41,53.73,0.0,0.0,0.0,,51.01,41.72,11.84,0.0,,,0.0,0.0,53.73,51.41,41.72,7.31,,0.0,0.0,0.0,17.62,19.33,0.0,0.0,4.53,6.4,6.95,0.0,0.0,0.69,0.0,0.9,0.0,30.09,47.01,98.72,188.04,297.73,0.52,45.57,50.06,70.34,77.42,88.0,90.04,33.57,1.94,54.42,8.32,21.86,45.58,96.83,16.15,13.09,112.37,10.89,377.21,35.84,76.11,133.28,305.76,127.5,27.25,51.24,78.15,0.37,,,,,,,,,,,,,,,,,,,,,,,,,,,,,,,,,,,,18.97,18.53,71.27,0.0,22.21,8.18,,,,46.27,54.22,50.26,,0.0,8.16,13.22,,,6.27,77.79,192,211,159,125,126,111,95,75,65,60,46,224,35,12,11,2,1547,3,161,189,125,95,123,75,69,58,38,32,20,200,13,7,4,3,0,1209,,,,,64,310,223,239,217,1579,188,503,185,1391,132,315,138,1077,73,90,81,424,922,41,189,68,659,440,2756,2756,0,,,,,2731,2407,0.064,0.044,0.237,0.05,0.629,0.425
1991,11,110100,1101005,GOVERNADOR JORGE TEIXEIRA,58.48,4.43,59.58,75.59,79.55,79.6,60.34,2.17,5.74,15.12,12.4,34.47,18.99,37.89,25.73,44.34,20.17,23.07,0.0,18.98,21.72,0.0,60.85,55.21,0.0,55.54,72.51,0.0,2.24,2.07,49.22,56.15,0.0,2.24,1.43,,61.06,27.63,8.7,6.34,,,6.7,12.98,56.15,49.48,26.51,7.28,,0.0,0.0,0.0,2.42,7.57,1.92,2.4,8.22,4.93,4.0,2.96,3.97,2.04,3.11,1.5,0.36,17.63,47.01,81.48,145.73,235.05,0.7,50.75,59.61,77.73,82.29,90.6,93.75,59.38,0.5,71.72,4.43,12.88,28.28,97.87,53.57,32.35,150.04,3.71,890.92,29.55,63.34,115.55,538.04,175.32,24.2,50.33,68.66,0.8,,,,,,,,,,,,,,,,,,,,,,,,,,,,,,,,,,,,9.03,4.17,59.81,0.0,13.47,7.8,,,,43.85,46.95,42.64,,0.0,1.86,5.68,,,3.74,86.53,460,536,465,350,268,244,198,185,150,150,115,515,70,59,31,13,3811,4,452,528,378,269,228,210,200,143,136,109,63,511,41,17,12,14,6,3313,,,,,177,857,652,630,536,4122,553,1461,516,3570,424,909,386,2661,200,201,183,1033,2442,155,528,201,1822,1176,7124,7124,0,,,,,7042,6027,0.049,0.035,0.217,0.039,0.558,0.471
1991,11,110110,1101104,ITAPUÃ DO OESTE,59.06,3.76,57.1,72.5,82.13,80.32,61.41,1.6,6.44,9.18,12.33,26.16,13.85,27.82,20.12,31.86,27.34,29.32,100.0,22.81,24.13,0.0,49.85,46.54,0.0,70.92,81.51,10.43,0.0,0.0,63.05,64.19,8.19,0.0,0.0,,75.98,56.54,19.26,0.0,,,13.32,17.73,64.19,63.05,48.35,18.33,,0.93,0.0,0.0,24.62,29.53,8.19,7.0,13.45,18.53,20.17,0.0,1.25,6.26,0.0,7.88,2.38,31.34,67.16,131.63,374.2,580.57,0.66,41.69,51.67,64.33,75.32,73.6,83.06,50.06,0.96,69.31,5.22,13.06,30.69,98.19,38.33,26.53,248.4,11.88,1243.6,53.01,97.27,219.03,860.83,276.77,33.73,59.15,75.79,0.74,,,,,,,,,,,,,,,,,,,,,,,,,,,,,,,,,,,,18.66,16.37,71.25,0.0,51.83,2.23,,,,35.81,35.2,24.74,,0.0,4.63,3.23,,,6.4,48.17,296,272,189,159,183,152,143,116,73,79,51,292,37,23,10,5,2081,1,249,264,169,136,140,135,87,79,54,38,30,263,15,11,3,4,3,1680,,,,,115,425,329,306,312,2125,227,653,209,1898,180,426,174,1472,118,113,108,553,1205,60,264,102,904,599,3761,3761,0,,,,,3649,3275,0.185,0.115,0.349,0.135,0.568,0.552
1991,11,110120,1101203,MINISTRO ANDREAZZA,63.27,4.53,41.14,52.47,72.56,85.21,69.2,2.53,7.31,13.94,11.83,32.13,16.97,34.99,22.3,41.96,27.16,29.67,100.0,23.69,26.29,0.0,49.15,44.03,0.0,57.3,72.38,7.13,4.25,1.29,54.02,62.18,1.05,4.25,0.0,,63.17,27.66,5.84,5.81,,,9.57,14.24,62.5,54.45,24.78,4.0,,1.83,0.32,0.0,14.57,18.73,1.05,4.56,7.37,5.7,5.06,0.0,0.36,1.83,0.83,2.39,0.0,23.51,47.01,89.45,178.64,313.4,0.78,52.6,60.61,72.76,81.09,87.95,92.19,70.73,1.14,80.33,3.95,9.29,19.67,97.96,71.59,40.65,239.14,13.62,1691.46,33.64,63.86,124.09,960.48,249.45,31.13,49.3,72.21,1.25,,,,,,,,,,,,,,,,,,,,,,,,,,,,,,,,,,,,18.65,11.24,52.09,48.82,18.25,5.09,,,,37.5,46.31,40.04,,0.0,3.92,11.53,,,3.13,81.75,643,660,578,562,455,322,291,230,173,186,116,644,105,74,37,20,5103,10,618,608,561,425,342,305,273,190,136,141,89,601,56,46,26,15,14,4444,,,,,275,994,768,716,749,5774,714,2125,694,5060,616,1411,597,3649,237,272,232,1247,2955,242,608,394,2617,1631,8144,9546,1402,,,,,9556,9161,0.057,0.063,0.277,0.061,0.638,0.546
1991,11,110130,1101302,MIRANTE DA SERRA,63.84,3.59,39.23,50.06,82.94,85.83,70.25,2.26,5.63,12.28,9.16,28.44,14.46,31.56,20.21,37.41,18.91,22.13,0.0,17.84,19.0,100.0,63.25,58.86,0.0,62.18,77.14,4.92,0.0,0.0,58.12,62.66,3.36,0.0,0.0,,69.71,40.77,10.53,1.57,,,2.29,4.98,62.66,58.12,37.41,6.25,,0.82,0.0,0.0,10.51,16.98,4.55,4.76,5.76,7.88,8.57,0.88,1.89,3.86,0.95,4.5,0.34,35.26,57.35,94.02,141.74,235.05,0.6,43.27,49.8,75.73,81.42,92.07,94.28,50.08,2.18,63.32,8.72,19.86,36.68,97.93,22.98,14.53,139.31,15.2,697.63,45.5,77.61,117.15,441.08,150.73,32.71,59.5,80.97,0.58,,,,,,,,,,,,,,,,,,,,,,,,,,,,,,,,,,,,10.82,9.72,54.95,0.0,19.49,0.51,,,,37.34,42.41,40.01,,0.0,6.34,6.61,,,4.32,80.51,760,941,770,546,448,378,348,281,220,203,184,929,112,79,47,15,6278,17,756,886,659,444,418,398,310,243,191,145,101,829,74,47,32,16,15,5564,,,,,332,1433,1094,1072,862,6741,939,2419,857,5802,735,1480,645,4322,322,322,341,1830,4202,268,886,477,3093,1990,11842,11842,0,,,,,11239,10388,0.079,0.046,0.254,0.055,0.647,0.459
1991,11,110140,1101401,MONTE NEGRO,61.51,3.8,47.44,60.39,76.83,83.23,65.94,1.75,5.62,11.16,10.15,26.89,13.78,29.25,18.47,34.58,19.18,21.2,0.0,31.12,34.4,0.0,49.7,44.4,0.0,59.07,74.24,0.0,0.0,0.77,56.65,64.43,0.0,0.0,0.0,,68.59,26.4,6.72,1.58,,,8.57,16.11,64.43,56.65,26.4,5.4,,0.0,0.0,0.0,12.54,17.89,2.5,2.1,9.23,6.13,4.99,1.01,2.09,2.29,1.52,2.36,0.27,37.61,70.52,164.54,313.4,470.1,0.58,39.82,47.5,55.55,65.0,73.24,80.73,40.52,1.43,59.36,6.57,17.51,40.64,98.06,24.69,18.08,203.86,14.6,826.1,52.32,111.58,235.7,605.1,225.88,33.23,52.02,87.06,0.54,,,,,,,,,,,,,,,,,,,,,,,,,,,,,,,,,,,,21.51,16.64,60.1,0.0,26.97,2.8,,,,35.57,46.91,35.36,,0.0,0.0,6.43,,,2.65,73.03,516,589,463,385,337,261,232,202,166,140,120,561,88,45,28,8,4148,7,445,517,392,289,237,248,208,156,127,95,69,513,45,21,13,4,6,3385,,,,,216,869,655,669,532,4392,542,1529,528,3850,464,987,418,2863,213,199,219,1112,2523,132,517,228,1910,1229,7533,7533,0,,,,,7397,6676,0.061,0.062,0.27,0.062,0.609,0.52
1991,11,110143,1101435,NOVA UNIÃO,60.43,4.05,51.56,65.56,81.12,81.97,63.94,2.2,4.78,15.76,13.99,32.58,14.56,35.53,20.8,43.79,19.63,21.59,0.0,36.41,37.74,0.0,43.95,40.67,0.0,47.96,59.97,2.21,0.0,0.0,46.34,53.22,0.0,0.0,0.0,,48.79,20.89,3.6,0.0,,,5.79,10.94,53.22,46.5,20.14,2.58,,1.03,0.0,0.0,9.62,8.27,1.38,4.92,8.02,4.67,3.27,2.2,1.72,1.74,0.0,1.75,1.17,31.34,53.73,94.02,152.78,250.72,0.54,51.94,59.0,72.64,84.49,90.09,95.4,39.91,2.49,57.27,9.51,21.29,42.73,94.05,16.78,12.04,113.92,14.16,454.62,40.02,67.07,122.13,326.21,125.19,34.45,52.51,76.18,0.42,,,,,,,,,,,,,,,,,,,,,,,,,,,,,,,,,,,,9.68,5.65,59.63,0.0,15.19,0.65,,,,46.78,42.19,34.45,,0.0,23.32,11.82,,,3.13,84.81,450,473,455,354,295,208,168,158,145,105,81,529,68,51,22,13,3580,5,479,459,375,286,229,179,154,121,118,91,67,474,56,28,8,12,9,3145,,,,,167,736,564,539,571,3861,529,1470,492,3332,442,941,423,2391,191,193,183,1006,2271,148,459,233,1733,1072,6725,6725,0,,,,,6199,5641,0.047,0.047,0.228,0.047,0.591,0.427
1991,11,110145,1101450,PARECIS,62.73,3.36,43.0,54.82,78.34,84.62,68.2,1.32,4.29,17.08,16.2,33.73,17.98,36.14,21.08,42.46,23.16,30.63,0.0,22.35,26.6,0.0,54.49,42.78,0.0,40.7,56.2,0.0,0.0,0.0,38.39,40.09,0.0,0.0,0.0,,49.45,33.91,2.56,0.0,,,0.0,0.0,40.09,38.39,33.91,2.56,,0.0,0.0,0.0,4.23,17.51,0.0,0.0,0.5,4.93,6.22,0.0,0.0,0.88,0.0,1.14,0.0,52.23,78.98,117.53,197.44,313.4,0.44,32.47,40.62,65.41,78.05,84.97,92.19,31.26,5.21,49.56,14.07,27.83,50.44,100.04,8.89,7.05,142.31,37.05,444.88,63.03,97.97,160.89,352.62,142.31,44.24,70.88,97.56,0.33,,,,,,,,,,,,,,,,,,,,,,,,,,,,,,,,,,,,10.5,8.13,67.81,0.0,15.08,15.12,,,,59.91,43.76,34.43,,0.0,9.5,7.51,,,0.27,84.92,249,262,222,171,164,124,101,91,94,71,50,272,37,20,4,3,1935,2,251,209,163,134,114,113,83,71,56,41,25,230,16,9,3,4,2,1523,,,,,85,381,289,284,313,1984,240,690,217,1745,205,451,199,1294,103,101,94,492,1112,46,209,169,833,536,3457,3457,0,,,,,3185,3185,0.049,0.011,0.174,0.018,0.629,0.463
1991,11,110146,1101468,PIMENTEIRAS DO OESTE,64.46,3.95,37.19,47.49,82.64,86.49,71.39,2.65,6.23,5.43,6.45,23.57,9.98,26.07,23.57,31.47,22.69,25.9,100.0,26.95,31.85,0.0,50.35,42.24,0.0,58.24,78.69,1.63,0.0,0.0,55.74,64.2,1.63,0.0,0.0,,57.38,35.04,9.06,0.0,,,4.44,13.47,64.2,56.46,30.7,4.38,,0.0,0.0,0.0,24.99,22.45,7.77,3.37,5.34,4.32,3.96,0.0,2.09,2.33,0.0,2.42,0.0,52.23,75.22,117.53,176.29,195.88,0.52,33.96,38.83,65.77,68.21,92.43,93.28,41.44,2.98,54.69,11.72,24.74,45.31,93.34,14.15,9.33,142.54,21.25,590.75,62.27,92.82,146.6,389.77,156.33,35.99,64.7,95.72,0.39,,,,,,,,,,,,,,,,,,,,,,,,,,,,,,,,,,,,7.89,3.01,46.68,0.0,21.25,2.28,,,,35.8,34.49,33.6,,0.0,26.08,18.79,,,3.12,78.75,207,179,156,107,111,86,79,67,58,50,31,181,27,25,11,4,1377,1,175,153,132,112,99,70,60,47,35,37,22,190,13,14,8,4,1,1170,,,,,84,249,190,188,232,1462,186,507,180,1276,141,321,140,955,66,79,71,375,810,68,153,104,652,408,1864,2546,682,,,,,2406,2194,0.043,0.093,0.28,0.072,0.658,0.463
1991,11,110147,1101476,PRIMAVERA DE RONDÔNIA,62.73,4.06,43.0,54.82,75.73,84.62,68.2,2.48,7.63,6.51,7.09,26.68,11.62,29.21,19.0,35.63,28.22,31.92,100.0,24.33,27.81,0.0,47.45,40.28,0.0,59.78,78.83,3.85,11.0,0.0,56.58,66.37,0.65,11.0,0.0,,63.46,28.05,7.77,1.51,,,21.95,30.69,66.37,56.64,27.19,4.63,,2.11,0.0,0.0,13.9,18.7,6.6,1.41,7.46,4.45,3.31,1.41,1.3,1.57,1.58,1.67,0.0,39.18,58.76,94.02,150.43,235.05,0.51,45.57,50.97,75.79,81.66,92.14,93.94,41.57,4.41,56.6,12.19,24.35,43.4,93.6,13.64,9.28,128.53,28.37,534.33,49.98,78.13,122.41,363.75,129.59,42.24,65.41,86.58,0.45,,,,,,,,,,,,,,,,,,,,,,,,,,,,,,,,,,,,17.84,12.38,58.32,0.0,22.54,1.33,,,,33.63,44.87,41.57,,0.0,4.04,9.6,,,3.56,77.46,366,398,316,318,258,178,162,144,110,98,77,364,64,43,23,15,2939,6,365,357,300,213,215,160,153,99,102,76,50,385,39,29,10,6,6,2563,,,,,154,584,445,443,435,3267,374,1147,369,2894,356,773,342,2121,142,154,134,765,1723,137,357,226,1457,944,5502,5502,0,,,,,5675,5629,0.045,0.11,0.284,0.082,0.629,0.446
1991,11,110148,1101484,SÃO FELIPE D'OESTE,62.73,4.34,43.0,54.82,80.92,84.62,68.2,2.26,5.71,7.39,8.67,27.47,11.8,29.92,21.17,36.67,25.59,27.33,100.0,25.06,27.01,0.0,49.36,45.65,0.0,58.37,72.35,2.37,3.65,0.0,56.93,65.98,0.68,3.65,0.0,,64.53,22.49,4.56,4.43,,,5.14,7.63,65.98,57.29,19.99,1.99,,0.83,0.0,0.0,12.09,14.37,2.14,2.69,3.47,3.97,4.17,1.14,1.72,1.93,1.37,2.02,0.0,39.18,56.41,84.08,141.03,242.1,0.48,52.35,59.6,78.62,83.24,90.71,92.55,38.16,5.14,54.83,13.86,25.66,45.17,97.22,11.01,7.91,112.83,29.01,430.53,49.2,66.57,110.06,309.3,113.51,44.12,62.34,78.51,0.39,,,,,,,,,,,,,,,,,,,,,,,,,,,,,,,,,,,,6.08,4.62,62.72,0.0,13.0,4.58,,,,34.02,39.44,34.31,,0.0,7.82,0.76,,,2.71,87.0,464,555,412,380,316,223,214,191,145,102,95,480,60,47,26,15,3733,9,462,473,359,270,262,216,190,121,105,84,59,516,37,34,11,8,9,3214,,,,,185,825,613,618,564,3997,461,1421,449,3536,436,960,414,2576,176,188,176,1011,2297,157,473,168,1763,1133,6947,6947,0,,,,,7371,7327,0.04,0.051,0.232,0.047,0.629,0.425
1991,11,110149,1101492,SÃO FRANCISCO DO GUAPORÉ,63.84,4.19,39.23,50.06,70.06,85.83,70.25,1.36,5.41,19.52,16.35,27.74,16.14,29.27,22.48,34.03,23.11,26.9,0.0,24.84,23.06,0.0,52.05,50.04,0.0,40.58,52.72,0.0,22.95,0.0,37.23,41.56,0.0,22.95,0.0,,46.95,22.75,9.35,0.0,,,21.43,20.85,41.56,37.23,22.75,7.27,,0.0,0.0,0.0,12.88,10.95,0.0,0.0,3.91,8.67,10.63,0.0,0.0,3.03,0.0,4.28,0.87,0.0,47.01,80.48,143.75,376.08,0.71,49.23,49.62,71.86,76.07,85.03,90.74,58.9,0.0,74.71,2.17,10.6,25.29,97.6,108.33,68.71,154.47,0.0,909.78,16.8,65.07,113.42,577.03,224.0,17.18,38.02,56.12,0.61,,,,,,,,,,,,,,,,,,,,,,,,,,,,,,,,,,,,11.58,4.42,63.11,0.0,23.13,5.41,,,,58.44,51.08,43.18,,0.0,2.94,0.0,,,6.79,76.87,176,170,162,136,96,103,87,81,71,56,49,185,29,18,7,5,1429,1,154,167,143,106,78,90,57,63,45,24,25,173,15,2,0,1,1,1142,,,,,62,272,201,201,197,1547,184,546,202,1363,182,363,144,1001,72,63,69,360,815,35,167,99,648,399,2437,2571,134,,,,,2754,1899,0.087,0.086,0.298,0.086,0.647,0.476
1991,11,110150,1101500,SERINGUEIRAS,62.3,3.83,44.53,56.73,81.22,84.14,67.41,0.97,5.26,15.36,10.03,26.08,14.58,28.26,20.64,33.33,15.5,18.07,0.0,19.62,22.87,0.0,64.87,59.06,0.0,66.93,83.04,0.0,4.81,0.0,50.97,54.26,0.0,4.81,0.0,,56.44,37.31,11.82,9.54,,,14.29,3.81,54.26,50.97,37.31,11.82,,0.0,0.0,0.0,7.7,8.46,4.13,4.12,12.37,5.3,3.19,0.0,1.48,0.74,0.0,0.52,0.52,14.89,34.92,75.22,141.03,234.39,0.69,57.99,65.61,79.66,86.45,90.98,96.53,57.58,0.4,71.09,4.03,12.46,28.91,96.52,57.12,35.27,135.92,2.73,782.66,24.67,57.25,111.8,483.17,160.26,26.65,48.59,65.4,0.78,,,,,,,,,,,,,,,,,,,,,,,,,,,,,,,,,,,,8.89,6.73,64.87,0.0,15.19,5.87,,,,45.74,36.64,33.2,,0.0,13.56,15.57,,,3.26,84.81,452,407,329,274,257,213,160,137,115,98,75,382,50,26,7,2,2986,2,379,374,257,243,213,153,141,88,101,61,47,414,18,7,3,2,4,2505,,,,,172,625,479,455,500,3083,369,1103,341,2714,321,734,310,1980,159,153,157,799,1793,53,374,176,1338,838,5491,5491,0,,,,,5416,4594,0.053,0.065,0.258,0.061,0.622,0.455
1991,11,110155,1101559,TEIXEIRÓPOLIS,64.18,3.36,38.09,48.63,83.6,86.19,70.88,2.83,6.4,6.24,6.25,27.15,11.33,30.16,17.39,37.14,32.9,35.72,0.0,16.98,18.44,0.0,50.12,45.84,0.0,52.66,71.97,1.15,0.0,0.0,50.29,63.69,0.0,0.0,0.0,,60.38,15.74,5.48,3.29,,,13.34,20.99,64.08,50.89,14.55,2.97,,0.73,0.0,0.0,6.53,10.03,0.0,3.85,3.87,2.2,1.55,0.0,0.0,0.23,0.0,0.32,0.0,47.01,72.08,109.69,188.04,340.82,0.5,38.53,51.07,69.4,81.37,84.22,88.98,37.56,4.15,56.16,12.0,24.11,43.84,90.11,12.52,9.36,145.63,30.18,546.93,57.18,88.2,143.66,408.94,150.02,42.29,66.92,86.65,0.4,,,,,,,,,,,,,,,,,,,,,,,,,,,,,,,,,,,,10.97,5.31,51.8,0.0,13.68,1.01,,,,35.92,48.59,36.69,,2.76,6.49,9.36,,,5.45,86.32,415,382,332,274,238,183,128,137,96,103,75,436,66,44,23,11,2956,13,374,382,318,226,199,138,124,111,95,77,57,377,41,30,16,9,11,2585,,,,,164,593,456,428,462,3175,400,1150,399,2775,367,750,337,2025,163,175,155,809,1802,157,382,245,1452,908,5541,5541,0,,,,,5485,5325,0.022,0.05,0.226,0.038,0.653,0.466
1991,11,110160,1101609,THEOBROMA,63.16,4.15,41.52,52.94,81.0,85.09,69.0,2.31,4.7,13.75,10.45,30.28,14.68,33.23,22.66,39.66,23.38,24.72,0.0,17.32,18.32,0.0,59.3,56.96,0.0,47.58,61.17,0.0,0.0,0.0,45.38,55.17,0.0,0.0,0.0,,57.36,11.11,4.56,2.19,,,10.43,20.05,55.17,45.38,11.11,4.56,,0.0,0.0,0.0,7.63,13.82,1.55,8.16,8.56,5.11,3.87,1.12,1.5,0.94,0.0,0.74,0.0,0.0,51.04,94.02,211.55,352.58,0.61,47.48,56.5,67.15,74.86,85.41,89.45,42.2,0.0,62.17,4.01,14.82,37.83,93.06,42.11,31.02,134.75,0.0,568.61,27.01,72.84,155.01,418.9,174.72,20.54,41.27,74.8,0.48,,,,,,,,,,,,,,,,,,,,,,,,,,,,,,,,,,,,7.45,3.89,56.93,0.0,14.79,5.56,,,,44.83,44.37,35.13,,0.0,4.75,6.28,,,6.29,85.21,477,545,444,341,279,226,199,169,158,133,83,531,81,49,26,17,3767,9,409,493,359,242,202,197,186,155,108,93,62,436,46,26,12,9,9,3044,,,,,184,822,636,601,522,3920,507,1386,483,3413,445,879,401,2534,180,166,200,1017,2346,157,493,256,1706,1105,6811,6811,0,,,,,6853,5286,0.051,0.052,0.247,0.052,0.636,0.454
1991,11,110170,1101708,URUPÁ,63.84,4.03,39.23,50.06,86.82,85.83,70.25,1.7,5.0,7.64,8.0,29.27,13.12,32.73,19.34,39.51,12.82,13.86,0.0,21.75,23.51,0.0,65.42,62.63,0.0,56.77,71.15,0.93,0.0,1.74,51.84,60.31,0.0,0.0,0.0,,66.22,21.28,7.97,7.16,,,6.4,9.92,60.79,52.7,18.95,6.44,,0.0,0.0,0.0,8.52,12.29,0.0,1.22,3.9,3.84,3.82,0.0,0.77,1.53,1.76,1.8,0.71,30.89,67.16,125.36,256.42,512.84,0.59,40.66,45.07,63.47,68.69,79.86,84.27,43.4,2.22,63.46,7.08,17.44,36.54,95.38,24.53,17.94,186.33,20.69,808.62,45.24,96.51,177.97,591.24,189.74,33.42,58.39,84.67,0.65,,,,,,,,,,,,,,,,,,,,,,,,,,,,,,,,,,,,16.42,7.3,66.34,0.0,14.47,3.94,,,,39.21,35.87,26.27,,1.48,0.0,1.92,,,1.73,85.53,779,880,723,507,408,381,361,244,194,183,127,835,113,69,33,9,5852,6,761,820,579,382,378,337,283,214,157,133,118,849,65,36,19,12,3,5146,,,,,289,1322,1001,978,903,6074,850,2191,754,5224,642,1341,602,3883,348,335,312,1727,3899,187,820,403,2716,1755,10998,10998,0,,,,,12082,11864,0.038,0.037,0.23,0.037,0.647,0.506
